atlas_id,roi_uid,roi_original_index,global_original_column,roi_name,roi_label,description,hemisphere,network,x,y,z,metadata_source,metadata_version,metadata_license,metadata_sha256
CC200,cc200:roi001,1,229,,1,,,,-40.289855072463766,-84.7536231884058,1.1014492753623188,dpabi/CC200ROI_tcorr05_2level_all.nii,DPABI tree 8d4b16e46be65cce93662e34e1cfa22bd40d98dc,LGPL-2.1; redistributed atlas files retain original citations,098bef48d6d680b345fc95608898a503af1336ca33383e93f73b45bb78aeffea
CC200,cc200:roi002,2,230,,2,,,,-50.14545454545455,-60.32727272727273,22.8,dpabi/CC200ROI_tcorr05_2level_all.nii,DPABI tree 8d4b16e46be65cce93662e34e1cfa22bd40d98dc,LGPL-2.1; redistributed atlas files retain original citations,098bef48d6d680b345fc95608898a503af1336ca33383e93f73b45bb78aeffea
CC200,cc200:roi003,3,231,,3,,,,13.128205128205128,-64.03418803418803,23.863247863247864,dpabi/CC200ROI_tcorr05_2level_all.nii,DPABI tree 8d4b16e46be65cce93662e34e1cfa22bd40d98dc,LGPL-2.1; redistributed atlas files retain original citations,098bef48d6d680b345fc95608898a503af1336ca33383e93f73b45bb78aeffea
CC200,cc200:roi004,4,232,,4,,,,-37.416666666666664,-13.333333333333334,-2.9166666666666665,dpabi/CC200ROI_tcorr05_2level_all.nii,DPABI tree 8d4b16e46be65cce93662e34e1cfa22bd40d98dc,LGPL-2.1; redistributed atlas files retain original citations,098bef48d6d680b345fc95608898a503af1336ca33383e93f73b45bb78aeffea
CC200,cc200:roi005,5,233,,5,,,,-6.924731182795699,46.10752688172043,7.096774193548387,dpabi/CC200ROI_tcorr05_2level_all.nii,DPABI tree 8d4b16e46be65cce93662e34e1cfa22bd40d98dc,LGPL-2.1; redistributed atlas files retain original citations,098bef48d6d680b345fc95608898a503af1336ca33383e93f73b45bb78aeffea
CC200,cc200:roi006,6,234,,6,,,,8.642857142857142,-35.92857142857143,46.92857142857143,dpabi/CC200ROI_tcorr05_2level_all.nii,DPABI tree 8d4b16e46be65cce93662e34e1cfa22bd40d98dc,LGPL-2.1; redistributed atlas files retain original citations,098bef48d6d680b345fc95608898a503af1336ca33383e93f73b45bb78aeffea
CC200,cc200:roi007,7,235,,7,,,,55.03030303030303,-47.23232323232323,40.92929292929293,dpabi/CC200ROI_tcorr05_2level_all.nii,DPABI tree 8d4b16e46be65cce93662e34e1cfa22bd40d98dc,LGPL-2.1; redistributed atlas files retain original citations,098bef48d6d680b345fc95608898a503af1336ca33383e93f73b45bb78aeffea
CC200,cc200:roi008,8,236,,8,,,,-40.91089108910891,-20.475247524752476,53.663366336633665,dpabi/CC200ROI_tcorr05_2level_all.nii,DPABI tree 8d4b16e46be65cce93662e34e1cfa22bd40d98dc,LGPL-2.1; redistributed atlas files retain original citations,098bef48d6d680b345fc95608898a503af1336ca33383e93f73b45bb78aeffea
CC200,cc200:roi009,9,237,,9,,,,-19.77358490566038,-61.924528301886795,-26.79245283018868,dpabi/CC200ROI_tcorr05_2level_all.nii,DPABI tree 8d4b16e46be65cce93662e34e1cfa22bd40d98dc,LGPL-2.1; redistributed atlas files retain original citations,098bef48d6d680b345fc95608898a503af1336ca33383e93f73b45bb78aeffea
CC200,cc200:roi010,10,238,,10,,,,42.608695652173914,-54.391304347826086,-33.130434782608695,dpabi/CC200ROI_tcorr05_2level_all.nii,DPABI tree 8d4b16e46be65cce93662e34e1cfa22bd40d98dc,LGPL-2.1; redistributed atlas files retain original citations,098bef48d6d680b345fc95608898a503af1336ca33383e93f73b45bb78aeffea
CC200,cc200:roi011,11,239,,11,,,,-58.61290322580645,-29.580645161290324,-3.225806451612903,dpabi/CC200ROI_tcorr05_2level_all.nii,DPABI tree 8d4b16e46be65cce93662e34e1cfa22bd40d98dc,LGPL-2.1; redistributed atlas files retain original citations,098bef48d6d680b345fc95608898a503af1336ca33383e93f73b45bb78aeffea
CC200,cc200:roi012,12,240,,12,,,,27.142857142857142,59.371428571428574,-2.1142857142857143,dpabi/CC200ROI_tcorr05_2level_all.nii,DPABI tree 8d4b16e46be65cce93662e34e1cfa22bd40d98dc,LGPL-2.1; redistributed atlas files retain original citations,098bef48d6d680b345fc95608898a503af1336ca33383e93f73b45bb78aeffea
CC200,cc200:roi013,13,241,,13,,,,2.595744680851064,12.595744680851064,48.93617021276596,dpabi/CC200ROI_tcorr05_2level_all.nii,DPABI tree 8d4b16e46be65cce93662e34e1cfa22bd40d98dc,LGPL-2.1; redistributed atlas files retain original citations,098bef48d6d680b345fc95608898a503af1336ca33383e93f73b45bb78aeffea
CC200,cc200:roi014,14,242,,14,,,,52.8130081300813,-54.829268292682926,23.024390243902438,dpabi/CC200ROI_tcorr05_2level_all.nii,DPABI tree 8d4b16e46be65cce93662e34e1cfa22bd40d98dc,LGPL-2.1; redistributed atlas files retain original citations,098bef48d6d680b345fc95608898a503af1336ca33383e93f73b45bb78aeffea
CC200,cc200:roi015,15,243,,15,,,,13.055555555555555,13.11111111111111,-7.111111111111111,dpabi/CC200ROI_tcorr05_2level_all.nii,DPABI tree 8d4b16e46be65cce93662e34e1cfa22bd40d98dc,LGPL-2.1; redistributed atlas files retain original citations,098bef48d6d680b345fc95608898a503af1336ca33383e93f73b45bb78aeffea
CC200,cc200:roi016,16,244,,16,,,,-49.28440366972477,-65.06422018348624,-5.10091743119266,dpabi/CC200ROI_tcorr05_2level_all.nii,DPABI tree 8d4b16e46be65cce93662e34e1cfa22bd40d98dc,LGPL-2.1; redistributed atlas files retain original citations,098bef48d6d680b345fc95608898a503af1336ca33383e93f73b45bb78aeffea
CC200,cc200:roi017,17,245,,17,,,,45.696969696969695,9.535353535353535,31.31313131313131,dpabi/CC200ROI_tcorr05_2level_all.nii,DPABI tree 8d4b16e46be65cce93662e34e1cfa22bd40d98dc,LGPL-2.1; redistributed atlas files retain original citations,098bef48d6d680b345fc95608898a503af1336ca33383e93f73b45bb78aeffea
CC200,cc200:roi018,18,246,,18,,,,11.24705882352941,-19.858823529411765,8.51764705882353,dpabi/CC200ROI_tcorr05_2level_all.nii,DPABI tree 8d4b16e46be65cce93662e34e1cfa22bd40d98dc,LGPL-2.1; redistributed atlas files retain original citations,098bef48d6d680b345fc95608898a503af1336ca33383e93f73b45bb78aeffea
CC200,cc200:roi019,19,247,,19,,,,-10.017094017094017,-66.4957264957265,22.085470085470085,dpabi/CC200ROI_tcorr05_2level_all.nii,DPABI tree 8d4b16e46be65cce93662e34e1cfa22bd40d98dc,LGPL-2.1; redistributed atlas files retain original citations,098bef48d6d680b345fc95608898a503af1336ca33383e93f73b45bb78aeffea
CC200,cc200:roi020,20,248,,20,,,,-33.714285714285715,19.956043956043956,2.021978021978022,dpabi/CC200ROI_tcorr05_2level_all.nii,DPABI tree 8d4b16e46be65cce93662e34e1cfa22bd40d98dc,LGPL-2.1; redistributed atlas files retain original citations,098bef48d6d680b345fc95608898a503af1336ca33383e93f73b45bb78aeffea
CC200,cc200:roi021,21,249,,21,,,,-9.304347826086957,-37.78260869565217,68.47826086956522,dpabi/CC200ROI_tcorr05_2level_all.nii,DPABI tree 8d4b16e46be65cce93662e34e1cfa22bd40d98dc,LGPL-2.1; redistributed atlas files retain original citations,098bef48d6d680b345fc95608898a503af1336ca33383e93f73b45bb78aeffea
CC200,cc200:roi022,22,250,,22,,,,6.787878787878788,43.313131313131315,5.333333333333333,dpabi/CC200ROI_tcorr05_2level_all.nii,DPABI tree 8d4b16e46be65cce93662e34e1cfa22bd40d98dc,LGPL-2.1; redistributed atlas files retain original citations,098bef48d6d680b345fc95608898a503af1336ca33383e93f73b45bb78aeffea
CC200,cc200:roi023,23,251,,23,,,,-42.29213483146067,42.02247191011236,13.07865168539326,dpabi/CC200ROI_tcorr05_2level_all.nii,DPABI tree 8d4b16e46be65cce93662e34e1cfa22bd40d98dc,LGPL-2.1; redistributed atlas files retain original citations,098bef48d6d680b345fc95608898a503af1336ca33383e93f73b45bb78aeffea
CC200,cc200:roi024,24,252,,24,,,,-59.1063829787234,-26.680851063829788,15.617021276595745,dpabi/CC200ROI_tcorr05_2level_all.nii,DPABI tree 8d4b16e46be65cce93662e34e1cfa22bd40d98dc,LGPL-2.1; redistributed atlas files retain original citations,098bef48d6d680b345fc95608898a503af1336ca33383e93f73b45bb78aeffea
CC200,cc200:roi025,25,253,,25,,,,44.32941176470588,41.411764705882355,14.823529411764707,dpabi/CC200ROI_tcorr05_2level_all.nii,DPABI tree 8d4b16e46be65cce93662e34e1cfa22bd40d98dc,LGPL-2.1; redistributed atlas files retain original citations,098bef48d6d680b345fc95608898a503af1336ca33383e93f73b45bb78aeffea
CC200,cc200:roi026,26,254,,26,,,,43.05154639175258,-73.44329896907216,-11.092783505154639,dpabi/CC200ROI_tcorr05_2level_all.nii,DPABI tree 8d4b16e46be65cce93662e34e1cfa22bd40d98dc,LGPL-2.1; redistributed atlas files retain original citations,098bef48d6d680b345fc95608898a503af1336ca33383e93f73b45bb78aeffea
CC200,cc200:roi027,27,255,,27,,,,-30.666666666666668,-4.666666666666667,-32.666666666666664,dpabi/CC200ROI_tcorr05_2level_all.nii,DPABI tree 8d4b16e46be65cce93662e34e1cfa22bd40d98dc,LGPL-2.1; redistributed atlas files retain original citations,098bef48d6d680b345fc95608898a503af1336ca33383e93f73b45bb78aeffea
CC200,cc200:roi028,28,256,,28,,,,29.387755102040817,-32.97959183673469,62.775510204081634,dpabi/CC200ROI_tcorr05_2level_all.nii,DPABI tree 8d4b16e46be65cce93662e34e1cfa22bd40d98dc,LGPL-2.1; redistributed atlas files retain original citations,098bef48d6d680b345fc95608898a503af1336ca33383e93f73b45bb78aeffea
CC200,cc200:roi029,29,257,,29,,,,0.6470588235294118,-16.294117647058822,34.470588235294116,dpabi/CC200ROI_tcorr05_2level_all.nii,DPABI tree 8d4b16e46be65cce93662e34e1cfa22bd40d98dc,LGPL-2.1; redistributed atlas files retain original citations,098bef48d6d680b345fc95608898a503af1336ca33383e93f73b45bb78aeffea
CC200,cc200:roi030,30,258,,30,,,,2.7142857142857144,-27.047619047619047,-36.19047619047619,dpabi/CC200ROI_tcorr05_2level_all.nii,DPABI tree 8d4b16e46be65cce93662e34e1cfa22bd40d98dc,LGPL-2.1; redistributed atlas files retain original citations,098bef48d6d680b345fc95608898a503af1336ca33383e93f73b45bb78aeffea
CC200,cc200:roi031,31,259,,31,,,,29.142857142857142,-54.32967032967033,59.16483516483517,dpabi/CC200ROI_tcorr05_2level_all.nii,DPABI tree 8d4b16e46be65cce93662e34e1cfa22bd40d98dc,LGPL-2.1; redistributed atlas files retain original citations,098bef48d6d680b345fc95608898a503af1336ca33383e93f73b45bb78aeffea
CC200,cc200:roi032,32,260,,32,,,,42.95384615384615,10.276923076923078,-37.04615384615385,dpabi/CC200ROI_tcorr05_2level_all.nii,DPABI tree 8d4b16e46be65cce93662e34e1cfa22bd40d98dc,LGPL-2.1; redistributed atlas files retain original citations,098bef48d6d680b345fc95608898a503af1336ca33383e93f73b45bb78aeffea
CC200,cc200:roi033,33,261,,33,,,,-57.397590361445786,-43.13253012048193,26.02409638554217,dpabi/CC200ROI_tcorr05_2level_all.nii,DPABI tree 8d4b16e46be65cce93662e34e1cfa22bd40d98dc,LGPL-2.1; redistributed atlas files retain original citations,098bef48d6d680b345fc95608898a503af1336ca33383e93f73b45bb78aeffea
CC200,cc200:roi034,34,262,,34,,,,-45.659574468085104,8.553191489361701,31.404255319148938,dpabi/CC200ROI_tcorr05_2level_all.nii,DPABI tree 8d4b16e46be65cce93662e34e1cfa22bd40d98dc,LGPL-2.1; redistributed atlas files retain original citations,098bef48d6d680b345fc95608898a503af1336ca33383e93f73b45bb78aeffea
CC200,cc200:roi035,35,263,,35,,,,40.395604395604394,-4.65934065934066,10.373626373626374,dpabi/CC200ROI_tcorr05_2level_all.nii,DPABI tree 8d4b16e46be65cce93662e34e1cfa22bd40d98dc,LGPL-2.1; redistributed atlas files retain original citations,098bef48d6d680b345fc95608898a503af1336ca33383e93f73b45bb78aeffea
CC200,cc200:roi036,36,264,,36,,,,-40.8421052631579,-52.26315789473684,-34.421052631578945,dpabi/CC200ROI_tcorr05_2level_all.nii,DPABI tree 8d4b16e46be65cce93662e34e1cfa22bd40d98dc,LGPL-2.1; redistributed atlas files retain original citations,098bef48d6d680b345fc95608898a503af1336ca33383e93f73b45bb78aeffea
CC200,cc200:roi037,37,265,,37,,,,-13.793103448275861,-31.724137931034484,0.41379310344827586,dpabi/CC200ROI_tcorr05_2level_all.nii,DPABI tree 8d4b16e46be65cce93662e34e1cfa22bd40d98dc,LGPL-2.1; redistributed atlas files retain original citations,098bef48d6d680b345fc95608898a503af1336ca33383e93f73b45bb78aeffea
CC200,cc200:roi038,38,266,,38,,,,42.04081632653061,24.367346938775512,37.38775510204081,dpabi/CC200ROI_tcorr05_2level_all.nii,DPABI tree 8d4b16e46be65cce93662e34e1cfa22bd40d98dc,LGPL-2.1; redistributed atlas files retain original citations,098bef48d6d680b345fc95608898a503af1336ca33383e93f73b45bb78aeffea
CC200,cc200:roi039,39,267,,39,,,,62.02197802197802,-41.89010989010989,-8.483516483516484,dpabi/CC200ROI_tcorr05_2level_all.nii,DPABI tree 8d4b16e46be65cce93662e34e1cfa22bd40d98dc,LGPL-2.1; redistributed atlas files retain original citations,098bef48d6d680b345fc95608898a503af1336ca33383e93f73b45bb78aeffea
CC200,cc200:roi040,40,268,,40,,,,1.7230769230769232,33.66153846153846,23.93846153846154,dpabi/CC200ROI_tcorr05_2level_all.nii,DPABI tree 8d4b16e46be65cce93662e34e1cfa22bd40d98dc,LGPL-2.1; redistributed atlas files retain original citations,098bef48d6d680b345fc95608898a503af1336ca33383e93f73b45bb78aeffea
CC200,cc200:roi041,41,269,,41,,,,29.666666666666668,-39.388888888888886,-32.22222222222222,dpabi/CC200ROI_tcorr05_2level_all.nii,DPABI tree 8d4b16e46be65cce93662e34e1cfa22bd40d98dc,LGPL-2.1; redistributed atlas files retain original citations,098bef48d6d680b345fc95608898a503af1336ca33383e93f73b45bb78aeffea
CC200,cc200:roi042,42,270,,42,,,,-28.78048780487805,50.4390243902439,-12.975609756097562,dpabi/CC200ROI_tcorr05_2level_all.nii,DPABI tree 8d4b16e46be65cce93662e34e1cfa22bd40d98dc,LGPL-2.1; redistributed atlas files retain original citations,098bef48d6d680b345fc95608898a503af1336ca33383e93f73b45bb78aeffea
CC200,cc200:roi043,43,271,,43,,,,-39.705882352941174,6.176470588235294,-39.35294117647059,dpabi/CC200ROI_tcorr05_2level_all.nii,DPABI tree 8d4b16e46be65cce93662e34e1cfa22bd40d98dc,LGPL-2.1; redistributed atlas files retain original citations,098bef48d6d680b345fc95608898a503af1336ca33383e93f73b45bb78aeffea
CC200,cc200:roi044,44,272,,44,,,,13.274725274725276,-94.02197802197803,1.7582417582417582,dpabi/CC200ROI_tcorr05_2level_all.nii,DPABI tree 8d4b16e46be65cce93662e34e1cfa22bd40d98dc,LGPL-2.1; redistributed atlas files retain original citations,098bef48d6d680b345fc95608898a503af1336ca33383e93f73b45bb78aeffea
CC200,cc200:roi045,45,273,,45,,,,-8.714285714285714,-17.666666666666668,9.857142857142858,dpabi/CC200ROI_tcorr05_2level_all.nii,DPABI tree 8d4b16e46be65cce93662e34e1cfa22bd40d98dc,LGPL-2.1; redistributed atlas files retain original citations,098bef48d6d680b345fc95608898a503af1336ca33383e93f73b45bb78aeffea
CC200,cc200:roi046,46,274,,46,,,,1.6595744680851063,-38.170212765957444,31.70212765957447,dpabi/CC200ROI_tcorr05_2level_all.nii,DPABI tree 8d4b16e46be65cce93662e34e1cfa22bd40d98dc,LGPL-2.1; redistributed atlas files retain original citations,098bef48d6d680b345fc95608898a503af1336ca33383e93f73b45bb78aeffea
CC200,cc200:roi047,47,275,,47,,,,-14.571428571428571,13.224489795918368,-3.4693877551020407,dpabi/CC200ROI_tcorr05_2level_all.nii,DPABI tree 8d4b16e46be65cce93662e34e1cfa22bd40d98dc,LGPL-2.1; redistributed atlas files retain original citations,098bef48d6d680b345fc95608898a503af1336ca33383e93f73b45bb78aeffea
CC200,cc200:roi048,48,276,,48,,,,18.357894736842105,-33.89473684210526,-2.1894736842105265,dpabi/CC200ROI_tcorr05_2level_all.nii,DPABI tree 8d4b16e46be65cce93662e34e1cfa22bd40d98dc,LGPL-2.1; redistributed atlas files retain original citations,098bef48d6d680b345fc95608898a503af1336ca33383e93f73b45bb78aeffea
CC200,cc200:roi049,49,277,,49,,,,61.25581395348837,-20.232558139534884,-16.232558139534884,dpabi/CC200ROI_tcorr05_2level_all.nii,DPABI tree 8d4b16e46be65cce93662e34e1cfa22bd40d98dc,LGPL-2.1; redistributed atlas files retain original citations,098bef48d6d680b345fc95608898a503af1336ca33383e93f73b45bb78aeffea
CC200,cc200:roi050,50,278,,50,,,,-28.711111111111112,-6.177777777777778,57.28888888888889,dpabi/CC200ROI_tcorr05_2level_all.nii,DPABI tree 8d4b16e46be65cce93662e34e1cfa22bd40d98dc,LGPL-2.1; redistributed atlas files retain original citations,098bef48d6d680b345fc95608898a503af1336ca33383e93f73b45bb78aeffea
CC200,cc200:roi051,51,279,,51,,,,-0.3764705882352941,39.67058823529412,-12.847058823529412,dpabi/CC200ROI_tcorr05_2level_all.nii,DPABI tree 8d4b16e46be65cce93662e34e1cfa22bd40d98dc,LGPL-2.1; redistributed atlas files retain original citations,098bef48d6d680b345fc95608898a503af1336ca33383e93f73b45bb78aeffea
CC200,cc200:roi052,52,280,,52,,,,-6.557377049180328,-45.24590163934426,-39.60655737704918,dpabi/CC200ROI_tcorr05_2level_all.nii,DPABI tree 8d4b16e46be65cce93662e34e1cfa22bd40d98dc,LGPL-2.1; redistributed atlas files retain original citations,098bef48d6d680b345fc95608898a503af1336ca33383e93f73b45bb78aeffea
CC200,cc200:roi053,53,281,,53,,,,44.41860465116279,30.372093023255815,-10.372093023255815,dpabi/CC200ROI_tcorr05_2level_all.nii,DPABI tree 8d4b16e46be65cce93662e34e1cfa22bd40d98dc,LGPL-2.1; redistributed atlas files retain original citations,098bef48d6d680b345fc95608898a503af1336ca33383e93f73b45bb78aeffea
CC200,cc200:roi054,54,282,,54,,,,-6.098360655737705,-86.68852459016394,24.557377049180328,dpabi/CC200ROI_tcorr05_2level_all.nii,DPABI tree 8d4b16e46be65cce93662e34e1cfa22bd40d98dc,LGPL-2.1; redistributed atlas files retain original citations,098bef48d6d680b345fc95608898a503af1336ca33383e93f73b45bb78aeffea
CC200,cc200:roi055,55,283,,55,,,,0.5148514851485149,17.02970297029703,32.15841584158416,dpabi/CC200ROI_tcorr05_2level_all.nii,DPABI tree 8d4b16e46be65cce93662e34e1cfa22bd40d98dc,LGPL-2.1; redistributed atlas files retain original citations,098bef48d6d680b345fc95608898a503af1336ca33383e93f73b45bb78aeffea
CC200,cc200:roi056,56,284,,56,,,,-52.285714285714285,-50.04761904761905,41.714285714285715,dpabi/CC200ROI_tcorr05_2level_all.nii,DPABI tree 8d4b16e46be65cce93662e34e1cfa22bd40d98dc,LGPL-2.1; redistributed atlas files retain original citations,098bef48d6d680b345fc95608898a503af1336ca33383e93f73b45bb78aeffea
CC200,cc200:roi057,57,285,,57,,,,-28.436363636363637,32.0,-15.563636363636364,dpabi/CC200ROI_tcorr05_2level_all.nii,DPABI tree 8d4b16e46be65cce93662e34e1cfa22bd40d98dc,LGPL-2.1; redistributed atlas files retain original citations,098bef48d6d680b345fc95608898a503af1336ca33383e93f73b45bb78aeffea
CC200,cc200:roi058,58,286,,58,,,,1.203883495145631,-52.23300970873787,14.718446601941748,dpabi/CC200ROI_tcorr05_2level_all.nii,DPABI tree 8d4b16e46be65cce93662e34e1cfa22bd40d98dc,LGPL-2.1; redistributed atlas files retain original citations,098bef48d6d680b345fc95608898a503af1336ca33383e93f73b45bb78aeffea
CC200,cc200:roi059,59,287,,59,,,,36.07339449541284,18.091743119266056,3.1192660550458715,dpabi/CC200ROI_tcorr05_2level_all.nii,DPABI tree 8d4b16e46be65cce93662e34e1cfa22bd40d98dc,LGPL-2.1; redistributed atlas files retain original citations,098bef48d6d680b345fc95608898a503af1336ca33383e93f73b45bb78aeffea
CC200,cc200:roi060,60,288,,60,,,,42.728971962616825,-19.476635514018692,53.19626168224299,dpabi/CC200ROI_tcorr05_2level_all.nii,DPABI tree 8d4b16e46be65cce93662e34e1cfa22bd40d98dc,LGPL-2.1; redistributed atlas files retain original citations,098bef48d6d680b345fc95608898a503af1336ca33383e93f73b45bb78aeffea
CC200,cc200:roi061,61,289,,61,,,,-39.36,21.013333333333332,41.70666666666666,dpabi/CC200ROI_tcorr05_2level_all.nii,DPABI tree 8d4b16e46be65cce93662e34e1cfa22bd40d98dc,LGPL-2.1; redistributed atlas files retain original citations,098bef48d6d680b345fc95608898a503af1336ca33383e93f73b45bb78aeffea
CC200,cc200:roi062,62,290,,62,,,,33.291666666666664,-30.791666666666668,-16.75,dpabi/CC200ROI_tcorr05_2level_all.nii,DPABI tree 8d4b16e46be65cce93662e34e1cfa22bd40d98dc,LGPL-2.1; redistributed atlas files retain original citations,098bef48d6d680b345fc95608898a503af1336ca33383e93f73b45bb78aeffea
CC200,cc200:roi063,63,291,,63,,,,-43.92,-52.08,-19.28,dpabi/CC200ROI_tcorr05_2level_all.nii,DPABI tree 8d4b16e46be65cce93662e34e1cfa22bd40d98dc,LGPL-2.1; redistributed atlas files retain original citations,098bef48d6d680b345fc95608898a503af1336ca33383e93f73b45bb78aeffea
CC200,cc200:roi064,64,292,,64,,,,28.25263157894737,-0.3368421052631579,56.21052631578947,dpabi/CC200ROI_tcorr05_2level_all.nii,DPABI tree 8d4b16e46be65cce93662e34e1cfa22bd40d98dc,LGPL-2.1; redistributed atlas files retain original citations,098bef48d6d680b345fc95608898a503af1336ca33383e93f73b45bb78aeffea
CC200,cc200:roi065,65,293,,65,,,,12.339622641509434,-44.18867924528302,67.43396226415095,dpabi/CC200ROI_tcorr05_2level_all.nii,DPABI tree 8d4b16e46be65cce93662e34e1cfa22bd40d98dc,LGPL-2.1; redistributed atlas files retain original citations,098bef48d6d680b345fc95608898a503af1336ca33383e93f73b45bb78aeffea
CC200,cc200:roi066,66,294,,66,,,,61.11864406779661,-16.74576271186441,11.966101694915254,dpabi/CC200ROI_tcorr05_2level_all.nii,DPABI tree 8d4b16e46be65cce93662e34e1cfa22bd40d98dc,LGPL-2.1; redistributed atlas files retain original citations,098bef48d6d680b345fc95608898a503af1336ca33383e93f73b45bb78aeffea
CC200,cc200:roi067,67,295,,67,,,,-28.08080808080808,1.3333333333333333,3.111111111111111,dpabi/CC200ROI_tcorr05_2level_all.nii,DPABI tree 8d4b16e46be65cce93662e34e1cfa22bd40d98dc,LGPL-2.1; redistributed atlas files retain original citations,098bef48d6d680b345fc95608898a503af1336ca33383e93f73b45bb78aeffea
CC200,cc200:roi068,68,296,,68,,,,1.0416666666666667,-20.333333333333332,-8.083333333333334,dpabi/CC200ROI_tcorr05_2level_all.nii,DPABI tree 8d4b16e46be65cce93662e34e1cfa22bd40d98dc,LGPL-2.1; redistributed atlas files retain original citations,098bef48d6d680b345fc95608898a503af1336ca33383e93f73b45bb78aeffea
CC200,cc200:roi069,69,297,,69,,,,59.310344827586206,-43.62068965517241,10.275862068965518,dpabi/CC200ROI_tcorr05_2level_all.nii,DPABI tree 8d4b16e46be65cce93662e34e1cfa22bd40d98dc,LGPL-2.1; redistributed atlas files retain original citations,098bef48d6d680b345fc95608898a503af1336ca33383e93f73b45bb78aeffea
CC200,cc200:roi070,70,298,,70,,,,-11.793814432989691,-70.02061855670104,5.814432989690721,dpabi/CC200ROI_tcorr05_2level_all.nii,DPABI tree 8d4b16e46be65cce93662e34e1cfa22bd40d98dc,LGPL-2.1; redistributed atlas files retain original citations,098bef48d6d680b345fc95608898a503af1336ca33383e93f73b45bb78aeffea
CC200,cc200:roi071,71,299,,71,,,,29.21212121212121,25.03030303030303,-15.454545454545455,dpabi/CC200ROI_tcorr05_2level_all.nii,DPABI tree 8d4b16e46be65cce93662e34e1cfa22bd40d98dc,LGPL-2.1; redistributed atlas files retain original citations,098bef48d6d680b345fc95608898a503af1336ca33383e93f73b45bb78aeffea
CC200,cc200:roi072,72,300,,72,,,,-57.154639175257735,-14.597938144329897,-16.0,dpabi/CC200ROI_tcorr05_2level_all.nii,DPABI tree 8d4b16e46be65cce93662e34e1cfa22bd40d98dc,LGPL-2.1; redistributed atlas files retain original citations,098bef48d6d680b345fc95608898a503af1336ca33383e93f73b45bb78aeffea
CC200,cc200:roi073,73,301,,73,,,,-43.32,1.48,47.52,dpabi/CC200ROI_tcorr05_2level_all.nii,DPABI tree 8d4b16e46be65cce93662e34e1cfa22bd40d98dc,LGPL-2.1; redistributed atlas files retain original citations,098bef48d6d680b345fc95608898a503af1336ca33383e93f73b45bb78aeffea
CC200,cc200:roi074,74,302,,74,,,,-44.7710843373494,33.397590361445786,-8.626506024096386,dpabi/CC200ROI_tcorr05_2level_all.nii,DPABI tree 8d4b16e46be65cce93662e34e1cfa22bd40d98dc,LGPL-2.1; redistributed atlas files retain original citations,098bef48d6d680b345fc95608898a503af1336ca33383e93f73b45bb78aeffea
CC200,cc200:roi075,75,303,,75,,,,31.04,55.25333333333333,14.24,dpabi/CC200ROI_tcorr05_2level_all.nii,DPABI tree 8d4b16e46be65cce93662e34e1cfa22bd40d98dc,LGPL-2.1; redistributed atlas files retain original citations,098bef48d6d680b345fc95608898a503af1336ca33383e93f73b45bb78aeffea
CC200,cc200:roi076,76,304,,76,,,,-8.431372549019608,-32.98039215686274,45.05882352941177,dpabi/CC200ROI_tcorr05_2level_all.nii,DPABI tree 8d4b16e46be65cce93662e34e1cfa22bd40d98dc,LGPL-2.1; redistributed atlas files retain original citations,098bef48d6d680b345fc95608898a503af1336ca33383e93f73b45bb78aeffea
CC200,cc200:roi077,77,305,,77,,,,16.58823529411765,-79.25490196078431,-29.215686274509803,dpabi/CC200ROI_tcorr05_2level_all.nii,DPABI tree 8d4b16e46be65cce93662e34e1cfa22bd40d98dc,LGPL-2.1; redistributed atlas files retain original citations,098bef48d6d680b345fc95608898a503af1336ca33383e93f73b45bb78aeffea
CC200,cc200:roi078,78,306,,78,,,,-41.5,13.5625,-28.1875,dpabi/CC200ROI_tcorr05_2level_all.nii,DPABI tree 8d4b16e46be65cce93662e34e1cfa22bd40d98dc,LGPL-2.1; redistributed atlas files retain original citations,098bef48d6d680b345fc95608898a503af1336ca33383e93f73b45bb78aeffea
CC200,cc200:roi079,79,307,,79,,,,0.16326530612244897,0.32653061224489793,41.51020408163265,dpabi/CC200ROI_tcorr05_2level_all.nii,DPABI tree 8d4b16e46be65cce93662e34e1cfa22bd40d98dc,LGPL-2.1; redistributed atlas files retain original citations,098bef48d6d680b345fc95608898a503af1336ca33383e93f73b45bb78aeffea
CC200,cc200:roi080,80,308,,80,,,,-37.074074074074076,-70.66666666666667,-32.03703703703704,dpabi/CC200ROI_tcorr05_2level_all.nii,DPABI tree 8d4b16e46be65cce93662e34e1cfa22bd40d98dc,LGPL-2.1; redistributed atlas files retain original citations,098bef48d6d680b345fc95608898a503af1336ca33383e93f73b45bb78aeffea
CC200,cc200:roi081,81,309,,81,,,,13.421487603305785,-77.1900826446281,38.54545454545455,dpabi/CC200ROI_tcorr05_2level_all.nii,DPABI tree 8d4b16e46be65cce93662e34e1cfa22bd40d98dc,LGPL-2.1; redistributed atlas files retain original citations,098bef48d6d680b345fc95608898a503af1336ca33383e93f73b45bb78aeffea
CC200,cc200:roi082,82,310,,82,,,,-43.02127659574468,-66.46808510638297,39.744680851063826,dpabi/CC200ROI_tcorr05_2level_all.nii,DPABI tree 8d4b16e46be65cce93662e34e1cfa22bd40d98dc,LGPL-2.1; redistributed atlas files retain original citations,098bef48d6d680b345fc95608898a503af1336ca33383e93f73b45bb78aeffea
CC200,cc200:roi083,83,311,,83,,,,46.8,7.955555555555556,-10.088888888888889,dpabi/CC200ROI_tcorr05_2level_all.nii,DPABI tree 8d4b16e46be65cce93662e34e1cfa22bd40d98dc,LGPL-2.1; redistributed atlas files retain original citations,098bef48d6d680b345fc95608898a503af1336ca33383e93f73b45bb78aeffea
CC200,cc200:roi084,84,312,,84,,,,-13.090909090909092,6.0,13.545454545454545,dpabi/CC200ROI_tcorr05_2level_all.nii,DPABI tree 8d4b16e46be65cce93662e34e1cfa22bd40d98dc,LGPL-2.1; redistributed atlas files retain original citations,098bef48d6d680b345fc95608898a503af1336ca33383e93f73b45bb78aeffea
CC200,cc200:roi085,85,313,,85,,,,46.337078651685395,-72.9438202247191,15.415730337078651,dpabi/CC200ROI_tcorr05_2level_all.nii,DPABI tree 8d4b16e46be65cce93662e34e1cfa22bd40d98dc,LGPL-2.1; redistributed atlas files retain original citations,098bef48d6d680b345fc95608898a503af1336ca33383e93f73b45bb78aeffea
CC200,cc200:roi086,86,314,,86,,,,8.927536231884059,-43.594202898550726,-37.333333333333336,dpabi/CC200ROI_tcorr05_2level_all.nii,DPABI tree 8d4b16e46be65cce93662e34e1cfa22bd40d98dc,LGPL-2.1; redistributed atlas files retain original citations,098bef48d6d680b345fc95608898a503af1336ca33383e93f73b45bb78aeffea
CC200,cc200:roi087,87,315,,87,,,,37.04615384615385,-12.246153846153845,-26.46153846153846,dpabi/CC200ROI_tcorr05_2level_all.nii,DPABI tree 8d4b16e46be65cce93662e34e1cfa22bd40d98dc,LGPL-2.1; redistributed atlas files retain original citations,098bef48d6d680b345fc95608898a503af1336ca33383e93f73b45bb78aeffea
CC200,cc200:roi088,88,316,,88,,,,-58.507462686567166,-7.82089552238806,25.492537313432837,dpabi/CC200ROI_tcorr05_2level_all.nii,DPABI tree 8d4b16e46be65cce93662e34e1cfa22bd40d98dc,LGPL-2.1; redistributed atlas files retain original citations,098bef48d6d680b345fc95608898a503af1336ca33383e93f73b45bb78aeffea
CC200,cc200:roi089,89,317,,89,,,,7.833333333333333,-73.80555555555556,5.75,dpabi/CC200ROI_tcorr05_2level_all.nii,DPABI tree 8d4b16e46be65cce93662e34e1cfa22bd40d98dc,LGPL-2.1; redistributed atlas files retain original citations,098bef48d6d680b345fc95608898a503af1336ca33383e93f73b45bb78aeffea
CC200,cc200:roi090,90,318,,90,,,,-17.5,-15.590909090909092,69.63636363636364,dpabi/CC200ROI_tcorr05_2level_all.nii,DPABI tree 8d4b16e46be65cce93662e34e1cfa22bd40d98dc,LGPL-2.1; redistributed atlas files retain original citations,098bef48d6d680b345fc95608898a503af1336ca33383e93f73b45bb78aeffea
CC200,cc200:roi091,91,319,,91,,,,0.1518987341772152,52.25316455696203,25.873417721518987,dpabi/CC200ROI_tcorr05_2level_all.nii,DPABI tree 8d4b16e46be65cce93662e34e1cfa22bd40d98dc,LGPL-2.1; redistributed atlas files retain original citations,098bef48d6d680b345fc95608898a503af1336ca33383e93f73b45bb78aeffea
CC200,cc200:roi092,92,320,,92,,,,-19.224489795918366,-6.489795918367347,-16.285714285714285,dpabi/CC200ROI_tcorr05_2level_all.nii,DPABI tree 8d4b16e46be65cce93662e34e1cfa22bd40d98dc,LGPL-2.1; redistributed atlas files retain original citations,098bef48d6d680b345fc95608898a503af1336ca33383e93f73b45bb78aeffea
CC200,cc200:roi093,93,321,,93,,,,40.188976377952756,-42.51968503937008,48.346456692913385,dpabi/CC200ROI_tcorr05_2level_all.nii,DPABI tree 8d4b16e46be65cce93662e34e1cfa22bd40d98dc,LGPL-2.1; redistributed atlas files retain original citations,098bef48d6d680b345fc95608898a503af1336ca33383e93f73b45bb78aeffea
CC200,cc200:roi094,94,322,,94,,,,13.090909090909092,-0.6060606060606061,16.606060606060606,dpabi/CC200ROI_tcorr05_2level_all.nii,DPABI tree 8d4b16e46be65cce93662e34e1cfa22bd40d98dc,LGPL-2.1; redistributed atlas files retain original citations,098bef48d6d680b345fc95608898a503af1336ca33383e93f73b45bb78aeffea
CC200,cc200:roi095,95,323,,95,,,,-26.75728155339806,12.194174757281553,55.61165048543689,dpabi/CC200ROI_tcorr05_2level_all.nii,DPABI tree 8d4b16e46be65cce93662e34e1cfa22bd40d98dc,LGPL-2.1; redistributed atlas files retain original citations,098bef48d6d680b345fc95608898a503af1336ca33383e93f73b45bb78aeffea
CC200,cc200:roi096,96,324,,96,,,,-29.727272727272727,-35.68181818181818,61.86363636363637,dpabi/CC200ROI_tcorr05_2level_all.nii,DPABI tree 8d4b16e46be65cce93662e34e1cfa22bd40d98dc,LGPL-2.1; redistributed atlas files retain original citations,098bef48d6d680b345fc95608898a503af1336ca33383e93f73b45bb78aeffea
CC200,cc200:roi097,97,325,,97,,,,-34.07692307692308,-80.96153846153847,25.653846153846153,dpabi/CC200ROI_tcorr05_2level_all.nii,DPABI tree 8d4b16e46be65cce93662e34e1cfa22bd40d98dc,LGPL-2.1; redistributed atlas files retain original citations,098bef48d6d680b345fc95608898a503af1336ca33383e93f73b45bb78aeffea
CC200,cc200:roi098,98,326,,98,,,,59.333333333333336,-0.8571428571428571,25.571428571428573,dpabi/CC200ROI_tcorr05_2level_all.nii,DPABI tree 8d4b16e46be65cce93662e34e1cfa22bd40d98dc,LGPL-2.1; redistributed atlas files retain original citations,098bef48d6d680b345fc95608898a503af1336ca33383e93f73b45bb78aeffea
CC200,cc200:roi099,99,327,,99,,,,-58.57142857142857,-48.333333333333336,-8.619047619047619,dpabi/CC200ROI_tcorr05_2level_all.nii,DPABI tree 8d4b16e46be65cce93662e34e1cfa22bd40d98dc,LGPL-2.1; redistributed atlas files retain original citations,098bef48d6d680b345fc95608898a503af1336ca33383e93f73b45bb78aeffea
CC200,cc200:roi100,100,328,,100,,,,47.43859649122807,-52.31578947368421,-17.087719298245613,dpabi/CC200ROI_tcorr05_2level_all.nii,DPABI tree 8d4b16e46be65cce93662e34e1cfa22bd40d98dc,LGPL-2.1; redistributed atlas files retain original citations,098bef48d6d680b345fc95608898a503af1336ca33383e93f73b45bb78aeffea
CC200,cc200:roi101,101,329,,101,,,,-51.81818181818182,-2.9696969696969697,-28.727272727272727,dpabi/CC200ROI_tcorr05_2level_all.nii,DPABI tree 8d4b16e46be65cce93662e34e1cfa22bd40d98dc,LGPL-2.1; redistributed atlas files retain original citations,098bef48d6d680b345fc95608898a503af1336ca33383e93f73b45bb78aeffea
CC200,cc200:roi102,102,330,,102,,,,35.342465753424655,-86.1917808219178,9.205479452054794,dpabi/CC200ROI_tcorr05_2level_all.nii,DPABI tree 8d4b16e46be65cce93662e34e1cfa22bd40d98dc,LGPL-2.1; redistributed atlas files retain original citations,098bef48d6d680b345fc95608898a503af1336ca33383e93f73b45bb78aeffea
CC200,cc200:roi103,103,331,,103,,,,-28.931506849315067,-39.61643835616438,-30.73972602739726,dpabi/CC200ROI_tcorr05_2level_all.nii,DPABI tree 8d4b16e46be65cce93662e34e1cfa22bd40d98dc,LGPL-2.1; redistributed atlas files retain original citations,098bef48d6d680b345fc95608898a503af1336ca33383e93f73b45bb78aeffea
CC200,cc200:roi104,104,332,,104,,,,-9.813333333333333,62.45333333333333,13.92,dpabi/CC200ROI_tcorr05_2level_all.nii,DPABI tree 8d4b16e46be65cce93662e34e1cfa22bd40d98dc,LGPL-2.1; redistributed atlas files retain original citations,098bef48d6d680b345fc95608898a503af1336ca33383e93f73b45bb78aeffea
CC200,cc200:roi105,105,333,,105,,,,17.3015873015873,-54.98412698412698,2.857142857142857,dpabi/CC200ROI_tcorr05_2level_all.nii,DPABI tree 8d4b16e46be65cce93662e34e1cfa22bd40d98dc,LGPL-2.1; redistributed atlas files retain original citations,098bef48d6d680b345fc95608898a503af1336ca33383e93f73b45bb78aeffea
CC200,cc200:roi106,106,334,,106,,,,27.816091954022987,34.94252873563219,41.333333333333336,dpabi/CC200ROI_tcorr05_2level_all.nii,DPABI tree 8d4b16e46be65cce93662e34e1cfa22bd40d98dc,LGPL-2.1; redistributed atlas files retain original citations,098bef48d6d680b345fc95608898a503af1336ca33383e93f73b45bb78aeffea
CC200,cc200:roi107,107,335,,107,,,,54.467289719626166,-27.962616822429908,-0.5981308411214953,dpabi/CC200ROI_tcorr05_2level_all.nii,DPABI tree 8d4b16e46be65cce93662e34e1cfa22bd40d98dc,LGPL-2.1; redistributed atlas files retain original citations,098bef48d6d680b345fc95608898a503af1336ca33383e93f73b45bb78aeffea
CC200,cc200:roi108,108,336,,108,,,,-6.947368421052632,-92.63157894736842,1.4385964912280702,dpabi/CC200ROI_tcorr05_2level_all.nii,DPABI tree 8d4b16e46be65cce93662e34e1cfa22bd40d98dc,LGPL-2.1; redistributed atlas files retain original citations,098bef48d6d680b345fc95608898a503af1336ca33383e93f73b45bb78aeffea
CC200,cc200:roi109,109,337,,109,,,,1.6,56.71111111111111,-7.6,dpabi/CC200ROI_tcorr05_2level_all.nii,DPABI tree 8d4b16e46be65cce93662e34e1cfa22bd40d98dc,LGPL-2.1; redistributed atlas files retain original citations,098bef48d6d680b345fc95608898a503af1336ca33383e93f73b45bb78aeffea
CC200,cc200:roi110,110,338,,110,,,,30.291666666666668,6.833333333333333,-19.375,dpabi/CC200ROI_tcorr05_2level_all.nii,DPABI tree 8d4b16e46be65cce93662e34e1cfa22bd40d98dc,LGPL-2.1; redistributed atlas files retain original citations,098bef48d6d680b345fc95608898a503af1336ca33383e93f73b45bb78aeffea
CC200,cc200:roi111,111,339,,111,,,,1.8487394957983194,-23.294117647058822,67.76470588235294,dpabi/CC200ROI_tcorr05_2level_all.nii,DPABI tree 8d4b16e46be65cce93662e34e1cfa22bd40d98dc,LGPL-2.1; redistributed atlas files retain original citations,098bef48d6d680b345fc95608898a503af1336ca33383e93f73b45bb78aeffea
CC200,cc200:roi112,112,340,,112,,,,-29.186813186813186,12.703296703296703,-17.186813186813186,dpabi/CC200ROI_tcorr05_2level_all.nii,DPABI tree 8d4b16e46be65cce93662e34e1cfa22bd40d98dc,LGPL-2.1; redistributed atlas files retain original citations,098bef48d6d680b345fc95608898a503af1336ca33383e93f73b45bb78aeffea
CC200,cc200:roi113,113,341,,113,,,,42.45333333333333,49.81333333333333,-5.013333333333334,dpabi/CC200ROI_tcorr05_2level_all.nii,DPABI tree 8d4b16e46be65cce93662e34e1cfa22bd40d98dc,LGPL-2.1; redistributed atlas files retain original citations,098bef48d6d680b345fc95608898a503af1336ca33383e93f73b45bb78aeffea
CC200,cc200:roi114,114,342,,114,,,,-26.25,-73.57142857142857,40.42857142857143,dpabi/CC200ROI_tcorr05_2level_all.nii,DPABI tree 8d4b16e46be65cce93662e34e1cfa22bd40d98dc,LGPL-2.1; redistributed atlas files retain original citations,098bef48d6d680b345fc95608898a503af1336ca33383e93f73b45bb78aeffea
CC200,cc200:roi115,115,343,,115,,,,44.0,1.6,49.08,dpabi/CC200ROI_tcorr05_2level_all.nii,DPABI tree 8d4b16e46be65cce93662e34e1cfa22bd40d98dc,LGPL-2.1; redistributed atlas files retain original citations,098bef48d6d680b345fc95608898a503af1336ca33383e93f73b45bb78aeffea
CC200,cc200:roi116,116,344,,116,,,,-56.65882352941176,-28.376470588235293,36.423529411764704,dpabi/CC200ROI_tcorr05_2level_all.nii,DPABI tree 8d4b16e46be65cce93662e34e1cfa22bd40d98dc,LGPL-2.1; redistributed atlas files retain original citations,098bef48d6d680b345fc95608898a503af1336ca33383e93f73b45bb78aeffea
CC200,cc200:roi117,117,345,,117,,,,-56.94736842105263,-48.175438596491226,8.701754385964913,dpabi/CC200ROI_tcorr05_2level_all.nii,DPABI tree 8d4b16e46be65cce93662e34e1cfa22bd40d98dc,LGPL-2.1; redistributed atlas files retain original citations,098bef48d6d680b345fc95608898a503af1336ca33383e93f73b45bb78aeffea
CC200,cc200:roi118,118,346,,118,,,,20.31858407079646,-58.65486725663717,-25.699115044247787,dpabi/CC200ROI_tcorr05_2level_all.nii,DPABI tree 8d4b16e46be65cce93662e34e1cfa22bd40d98dc,LGPL-2.1; redistributed atlas files retain original citations,098bef48d6d680b345fc95608898a503af1336ca33383e93f73b45bb78aeffea
CC200,cc200:roi119,119,347,,119,,,,55.25,5.5,5.25,dpabi/CC200ROI_tcorr05_2level_all.nii,DPABI tree 8d4b16e46be65cce93662e34e1cfa22bd40d98dc,LGPL-2.1; redistributed atlas files retain original citations,098bef48d6d680b345fc95608898a503af1336ca33383e93f73b45bb78aeffea
CC200,cc200:roi120,120,348,,120,,,,-18.185185185185187,-80.70370370370371,-31.11111111111111,dpabi/CC200ROI_tcorr05_2level_all.nii,DPABI tree 8d4b16e46be65cce93662e34e1cfa22bd40d98dc,LGPL-2.1; redistributed atlas files retain original citations,098bef48d6d680b345fc95608898a503af1336ca33383e93f73b45bb78aeffea
CC200,cc200:roi121,121,349,,121,,,,-40.18181818181818,-12.772727272727273,12.409090909090908,dpabi/CC200ROI_tcorr05_2level_all.nii,DPABI tree 8d4b16e46be65cce93662e34e1cfa22bd40d98dc,LGPL-2.1; redistributed atlas files retain original citations,098bef48d6d680b345fc95608898a503af1336ca33383e93f73b45bb78aeffea
CC200,cc200:roi122,122,350,,122,,,,-28.123711340206185,-37.31958762886598,-11.876288659793815,dpabi/CC200ROI_tcorr05_2level_all.nii,DPABI tree 8d4b16e46be65cce93662e34e1cfa22bd40d98dc,LGPL-2.1; redistributed atlas files retain original citations,098bef48d6d680b345fc95608898a503af1336ca33383e93f73b45bb78aeffea
CC200,cc200:roi123,123,351,,123,,,,0.65625,-14.53125,51.09375,dpabi/CC200ROI_tcorr05_2level_all.nii,DPABI tree 8d4b16e46be65cce93662e34e1cfa22bd40d98dc,LGPL-2.1; redistributed atlas files retain original citations,098bef48d6d680b345fc95608898a503af1336ca33383e93f73b45bb78aeffea
CC200,cc200:roi124,124,352,,124,,,,28.0,44.18181818181818,-14.181818181818182,dpabi/CC200ROI_tcorr05_2level_all.nii,DPABI tree 8d4b16e46be65cce93662e34e1cfa22bd40d98dc,LGPL-2.1; redistributed atlas files retain original citations,098bef48d6d680b345fc95608898a503af1336ca33383e93f73b45bb78aeffea
CC200,cc200:roi125,125,353,,125,,,,-30.870588235294118,38.63529411764706,33.27058823529412,dpabi/CC200ROI_tcorr05_2level_all.nii,DPABI tree 8d4b16e46be65cce93662e34e1cfa22bd40d98dc,LGPL-2.1; redistributed atlas files retain original citations,098bef48d6d680b345fc95608898a503af1336ca33383e93f73b45bb78aeffea
CC200,cc200:roi126,126,354,,126,,,,35.46153846153846,-72.5,-30.884615384615383,dpabi/CC200ROI_tcorr05_2level_all.nii,DPABI tree 8d4b16e46be65cce93662e34e1cfa22bd40d98dc,LGPL-2.1; redistributed atlas files retain original citations,098bef48d6d680b345fc95608898a503af1336ca33383e93f73b45bb78aeffea
CC200,cc200:roi127,127,355,,127,,,,30.166666666666668,18.166666666666668,52.041666666666664,dpabi/CC200ROI_tcorr05_2level_all.nii,DPABI tree 8d4b16e46be65cce93662e34e1cfa22bd40d98dc,LGPL-2.1; redistributed atlas files retain original citations,098bef48d6d680b345fc95608898a503af1336ca33383e93f73b45bb78aeffea
CC200,cc200:roi128,128,356,,128,,,,60.87719298245614,-30.63157894736842,25.75438596491228,dpabi/CC200ROI_tcorr05_2level_all.nii,DPABI tree 8d4b16e46be65cce93662e34e1cfa22bd40d98dc,LGPL-2.1; redistributed atlas files retain original citations,098bef48d6d680b345fc95608898a503af1336ca33383e93f73b45bb78aeffea
CC200,cc200:roi129,129,357,,129,,,,-44.888888888888886,-0.12121212121212122,-14.828282828282829,dpabi/CC200ROI_tcorr05_2level_all.nii,DPABI tree 8d4b16e46be65cce93662e34e1cfa22bd40d98dc,LGPL-2.1; redistributed atlas files retain original citations,098bef48d6d680b345fc95608898a503af1336ca33383e93f73b45bb78aeffea
CC200,cc200:roi130,130,358,,130,,,,0.4444444444444444,-2.8641975308641974,-9.728395061728396,dpabi/CC200ROI_tcorr05_2level_all.nii,DPABI tree 8d4b16e46be65cce93662e34e1cfa22bd40d98dc,LGPL-2.1; redistributed atlas files retain original citations,098bef48d6d680b345fc95608898a503af1336ca33383e93f73b45bb78aeffea
CC200,cc200:roi131,131,359,,131,,,,-26.0,-92.41025641025641,11.487179487179487,dpabi/CC200ROI_tcorr05_2level_all.nii,DPABI tree 8d4b16e46be65cce93662e34e1cfa22bd40d98dc,LGPL-2.1; redistributed atlas files retain original citations,098bef48d6d680b345fc95608898a503af1336ca33383e93f73b45bb78aeffea
CC200,cc200:roi132,132,360,,132,,,,29.244444444444444,-67.33333333333333,46.71111111111111,dpabi/CC200ROI_tcorr05_2level_all.nii,DPABI tree 8d4b16e46be65cce93662e34e1cfa22bd40d98dc,LGPL-2.1; redistributed atlas files retain original citations,098bef48d6d680b345fc95608898a503af1336ca33383e93f73b45bb78aeffea
CC200,cc200:roi133,133,361,,133,,,,-9.458823529411765,47.2,39.529411764705884,dpabi/CC200ROI_tcorr05_2level_all.nii,DPABI tree 8d4b16e46be65cce93662e34e1cfa22bd40d98dc,LGPL-2.1; redistributed atlas files retain original citations,098bef48d6d680b345fc95608898a503af1336ca33383e93f73b45bb78aeffea
CC200,cc200:roi134,134,362,,134,,,,23.853658536585368,-12.878048780487806,67.1219512195122,dpabi/CC200ROI_tcorr05_2level_all.nii,DPABI tree 8d4b16e46be65cce93662e34e1cfa22bd40d98dc,LGPL-2.1; redistributed atlas files retain original citations,098bef48d6d680b345fc95608898a503af1336ca33383e93f73b45bb78aeffea
CC200,cc200:roi135,135,363,,135,,,,14.819672131147541,14.688524590163935,6.754098360655738,dpabi/CC200ROI_tcorr05_2level_all.nii,DPABI tree 8d4b16e46be65cce93662e34e1cfa22bd40d98dc,LGPL-2.1; redistributed atlas files retain original citations,098bef48d6d680b345fc95608898a503af1336ca33383e93f73b45bb78aeffea
CC200,cc200:roi136,136,364,,136,,,,-14.851485148514852,-65.74257425742574,55.40594059405941,dpabi/CC200ROI_tcorr05_2level_all.nii,DPABI tree 8d4b16e46be65cce93662e34e1cfa22bd40d98dc,LGPL-2.1; redistributed atlas files retain original citations,098bef48d6d680b345fc95608898a503af1336ca33383e93f73b45bb78aeffea
CC200,cc200:roi137,137,365,,137,,,,40.24,-10.52,-4.68,dpabi/CC200ROI_tcorr05_2level_all.nii,DPABI tree 8d4b16e46be65cce93662e34e1cfa22bd40d98dc,LGPL-2.1; redistributed atlas files retain original citations,098bef48d6d680b345fc95608898a503af1336ca33383e93f73b45bb78aeffea
CC200,cc200:roi138,138,366,,138,,,,21.65289256198347,-68.95867768595042,-11.867768595041323,dpabi/CC200ROI_tcorr05_2level_all.nii,DPABI tree 8d4b16e46be65cce93662e34e1cfa22bd40d98dc,LGPL-2.1; redistributed atlas files retain original citations,098bef48d6d680b345fc95608898a503af1336ca33383e93f73b45bb78aeffea
CC200,cc200:roi139,139,367,,139,,,,10.210526315789474,63.1578947368421,9.68421052631579,dpabi/CC200ROI_tcorr05_2level_all.nii,DPABI tree 8d4b16e46be65cce93662e34e1cfa22bd40d98dc,LGPL-2.1; redistributed atlas files retain original citations,098bef48d6d680b345fc95608898a503af1336ca33383e93f73b45bb78aeffea
CC200,cc200:roi140,140,368,,140,,,,54.5,-2.8,-26.2,dpabi/CC200ROI_tcorr05_2level_all.nii,DPABI tree 8d4b16e46be65cce93662e34e1cfa22bd40d98dc,LGPL-2.1; redistributed atlas files retain original citations,098bef48d6d680b345fc95608898a503af1336ca33383e93f73b45bb78aeffea
CC200,cc200:roi141,141,369,,141,,,,-49.84615384615385,23.53846153846154,8.76923076923077,dpabi/CC200ROI_tcorr05_2level_all.nii,DPABI tree 8d4b16e46be65cce93662e34e1cfa22bd40d98dc,LGPL-2.1; redistributed atlas files retain original citations,098bef48d6d680b345fc95608898a503af1336ca33383e93f73b45bb78aeffea
CC200,cc200:roi142,142,370,,142,,,,17.15,-89.05,21.65,dpabi/CC200ROI_tcorr05_2level_all.nii,DPABI tree 8d4b16e46be65cce93662e34e1cfa22bd40d98dc,LGPL-2.1; redistributed atlas files retain original citations,098bef48d6d680b345fc95608898a503af1336ca33383e93f73b45bb78aeffea
CC200,cc200:roi143,143,371,,143,,,,52.93693693693694,-61.11711711711712,0.972972972972973,dpabi/CC200ROI_tcorr05_2level_all.nii,DPABI tree 8d4b16e46be65cce93662e34e1cfa22bd40d98dc,LGPL-2.1; redistributed atlas files retain original citations,098bef48d6d680b345fc95608898a503af1336ca33383e93f73b45bb78aeffea
CC200,cc200:roi144,144,372,,144,,,,51.36,28.85333333333333,4.586666666666667,dpabi/CC200ROI_tcorr05_2level_all.nii,DPABI tree 8d4b16e46be65cce93662e34e1cfa22bd40d98dc,LGPL-2.1; redistributed atlas files retain original citations,098bef48d6d680b345fc95608898a503af1336ca33383e93f73b45bb78aeffea
CC200,cc200:roi145,145,373,,145,,,,-31.946666666666665,-20.69333333333333,-18.826666666666668,dpabi/CC200ROI_tcorr05_2level_all.nii,DPABI tree 8d4b16e46be65cce93662e34e1cfa22bd40d98dc,LGPL-2.1; redistributed atlas files retain original citations,098bef48d6d680b345fc95608898a503af1336ca33383e93f73b45bb78aeffea
CC200,cc200:roi146,146,374,,146,,,,-56.932038834951456,-10.21359223300971,4.815533980582524,dpabi/CC200ROI_tcorr05_2level_all.nii,DPABI tree 8d4b16e46be65cce93662e34e1cfa22bd40d98dc,LGPL-2.1; redistributed atlas files retain original citations,098bef48d6d680b345fc95608898a503af1336ca33383e93f73b45bb78aeffea
CC200,cc200:roi147,147,375,,147,,,,-8.226415094339623,-74.52830188679245,40.45283018867924,dpabi/CC200ROI_tcorr05_2level_all.nii,DPABI tree 8d4b16e46be65cce93662e34e1cfa22bd40d98dc,LGPL-2.1; redistributed atlas files retain original citations,098bef48d6d680b345fc95608898a503af1336ca33383e93f73b45bb78aeffea
CC200,cc200:roi148,148,376,,148,,,,1.1578947368421053,-4.052631578947368,4.526315789473684,dpabi/CC200ROI_tcorr05_2level_all.nii,DPABI tree 8d4b16e46be65cce93662e34e1cfa22bd40d98dc,LGPL-2.1; redistributed atlas files retain original citations,098bef48d6d680b345fc95608898a503af1336ca33383e93f73b45bb78aeffea
CC200,cc200:roi149,149,377,,149,,,,-0.25688073394495414,31.59633027522936,44.84403669724771,dpabi/CC200ROI_tcorr05_2level_all.nii,DPABI tree 8d4b16e46be65cce93662e34e1cfa22bd40d98dc,LGPL-2.1; redistributed atlas files retain original citations,098bef48d6d680b345fc95608898a503af1336ca33383e93f73b45bb78aeffea
CC200,cc200:roi150,150,378,,150,,,,-46.80952380952381,-71.47619047619048,11.571428571428571,dpabi/CC200ROI_tcorr05_2level_all.nii,DPABI tree 8d4b16e46be65cce93662e34e1cfa22bd40d98dc,LGPL-2.1; redistributed atlas files retain original citations,098bef48d6d680b345fc95608898a503af1336ca33383e93f73b45bb78aeffea
CC200,cc200:roi151,151,379,,151,,,,-44.78048780487805,27.170731707317074,25.75609756097561,dpabi/CC200ROI_tcorr05_2level_all.nii,DPABI tree 8d4b16e46be65cce93662e34e1cfa22bd40d98dc,LGPL-2.1; redistributed atlas files retain original citations,098bef48d6d680b345fc95608898a503af1336ca33383e93f73b45bb78aeffea
CC200,cc200:roi152,152,380,,152,,,,1.2327044025157232,-55.9748427672956,-12.779874213836479,dpabi/CC200ROI_tcorr05_2level_all.nii,DPABI tree 8d4b16e46be65cce93662e34e1cfa22bd40d98dc,LGPL-2.1; redistributed atlas files retain original citations,098bef48d6d680b345fc95608898a503af1336ca33383e93f73b45bb78aeffea
CC200,cc200:roi153,153,381,,153,,,,57.89010989010989,-7.1208791208791204,-8.527472527472527,dpabi/CC200ROI_tcorr05_2level_all.nii,DPABI tree 8d4b16e46be65cce93662e34e1cfa22bd40d98dc,LGPL-2.1; redistributed atlas files retain original citations,098bef48d6d680b345fc95608898a503af1336ca33383e93f73b45bb78aeffea
CC200,cc200:roi154,154,382,,154,,,,-51.75308641975309,-13.679012345679013,39.851851851851855,dpabi/CC200ROI_tcorr05_2level_all.nii,DPABI tree 8d4b16e46be65cce93662e34e1cfa22bd40d98dc,LGPL-2.1; redistributed atlas files retain original citations,098bef48d6d680b345fc95608898a503af1336ca33383e93f73b45bb78aeffea
CC200,cc200:roi155,155,383,,155,,,,21.0,-11.555555555555555,-16.77777777777778,dpabi/CC200ROI_tcorr05_2level_all.nii,DPABI tree 8d4b16e46be65cce93662e34e1cfa22bd40d98dc,LGPL-2.1; redistributed atlas files retain original citations,098bef48d6d680b345fc95608898a503af1336ca33383e93f73b45bb78aeffea
CC200,cc200:roi156,156,384,,156,,,,-34.54545454545455,-53.05050505050505,49.17171717171717,dpabi/CC200ROI_tcorr05_2level_all.nii,DPABI tree 8d4b16e46be65cce93662e34e1cfa22bd40d98dc,LGPL-2.1; redistributed atlas files retain original citations,098bef48d6d680b345fc95608898a503af1336ca33383e93f73b45bb78aeffea
CC200,cc200:roi157,157,385,,157,,,,53.4468085106383,-11.148936170212766,38.808510638297875,dpabi/CC200ROI_tcorr05_2level_all.nii,DPABI tree 8d4b16e46be65cce93662e34e1cfa22bd40d98dc,LGPL-2.1; redistributed atlas files retain original citations,098bef48d6d680b345fc95608898a503af1336ca33383e93f73b45bb78aeffea
CC200,cc200:roi158,158,386,,158,,,,-21.5,-91.45833333333333,-12.708333333333334,dpabi/CC200ROI_tcorr05_2level_all.nii,DPABI tree 8d4b16e46be65cce93662e34e1cfa22bd40d98dc,LGPL-2.1; redistributed atlas files retain original citations,098bef48d6d680b345fc95608898a503af1336ca33383e93f73b45bb78aeffea
CC200,cc200:roi159,159,387,,159,,,,-36.42553191489362,-77.53191489361703,-15.404255319148936,dpabi/CC200ROI_tcorr05_2level_all.nii,DPABI tree 8d4b16e46be65cce93662e34e1cfa22bd40d98dc,LGPL-2.1; redistributed atlas files retain original citations,098bef48d6d680b345fc95608898a503af1336ca33383e93f73b45bb78aeffea
CC200,cc200:roi160,160,388,,160,,,,-0.4057971014492754,21.043478260869566,-8.63768115942029,dpabi/CC200ROI_tcorr05_2level_all.nii,DPABI tree 8d4b16e46be65cce93662e34e1cfa22bd40d98dc,LGPL-2.1; redistributed atlas files retain original citations,098bef48d6d680b345fc95608898a503af1336ca33383e93f73b45bb78aeffea
CC200,cc200:roi161,161,389,,161,,,,10.426966292134832,1.6629213483146068,65.84269662921348,dpabi/CC200ROI_tcorr05_2level_all.nii,DPABI tree 8d4b16e46be65cce93662e34e1cfa22bd40d98dc,LGPL-2.1; redistributed atlas files retain original citations,098bef48d6d680b345fc95608898a503af1336ca33383e93f73b45bb78aeffea
CC200,cc200:roi162,162,390,,162,,,,-9.446808510638299,-43.87234042553192,-24.680851063829788,dpabi/CC200ROI_tcorr05_2level_all.nii,DPABI tree 8d4b16e46be65cce93662e34e1cfa22bd40d98dc,LGPL-2.1; redistributed atlas files retain original citations,098bef48d6d680b345fc95608898a503af1336ca33383e93f73b45bb78aeffea
CC200,cc200:roi163,163,391,,163,,,,9.857142857142858,-63.035714285714285,55.785714285714285,dpabi/CC200ROI_tcorr05_2level_all.nii,DPABI tree 8d4b16e46be65cce93662e34e1cfa22bd40d98dc,LGPL-2.1; redistributed atlas files retain original citations,098bef48d6d680b345fc95608898a503af1336ca33383e93f73b45bb78aeffea
CC200,cc200:roi164,164,392,,164,,,,51.474747474747474,21.252525252525253,20.565656565656564,dpabi/CC200ROI_tcorr05_2level_all.nii,DPABI tree 8d4b16e46be65cce93662e34e1cfa22bd40d98dc,LGPL-2.1; redistributed atlas files retain original citations,098bef48d6d680b345fc95608898a503af1336ca33383e93f73b45bb78aeffea
CC200,cc200:roi165,165,393,,165,,,,-54.1578947368421,7.631578947368421,17.263157894736842,dpabi/CC200ROI_tcorr05_2level_all.nii,DPABI tree 8d4b16e46be65cce93662e34e1cfa22bd40d98dc,LGPL-2.1; redistributed atlas files retain original citations,098bef48d6d680b345fc95608898a503af1336ca33383e93f73b45bb78aeffea
CC200,cc200:roi166,166,394,,166,,,,44.83018867924528,-64.45283018867924,38.905660377358494,dpabi/CC200ROI_tcorr05_2level_all.nii,DPABI tree 8d4b16e46be65cce93662e34e1cfa22bd40d98dc,LGPL-2.1; redistributed atlas files retain original citations,098bef48d6d680b345fc95608898a503af1336ca33383e93f73b45bb78aeffea
CC200,cc200:roi167,167,395,,167,,,,-26.05,52.45,22.7,dpabi/CC200ROI_tcorr05_2level_all.nii,DPABI tree 8d4b16e46be65cce93662e34e1cfa22bd40d98dc,LGPL-2.1; redistributed atlas files retain original citations,098bef48d6d680b345fc95608898a503af1336ca33383e93f73b45bb78aeffea
CC200,cc200:roi168,168,396,,168,,,,32.470588235294116,44.8,27.435294117647057,dpabi/CC200ROI_tcorr05_2level_all.nii,DPABI tree 8d4b16e46be65cce93662e34e1cfa22bd40d98dc,LGPL-2.1; redistributed atlas files retain original citations,098bef48d6d680b345fc95608898a503af1336ca33383e93f73b45bb78aeffea
CC200,cc200:roi169,169,397,,169,,,,-41.056603773584904,49.43396226415094,-3.6226415094339623,dpabi/CC200ROI_tcorr05_2level_all.nii,DPABI tree 8d4b16e46be65cce93662e34e1cfa22bd40d98dc,LGPL-2.1; redistributed atlas files retain original citations,098bef48d6d680b345fc95608898a503af1336ca33383e93f73b45bb78aeffea
CC200,cc200:roi170,170,398,,170,,,,32.680851063829785,-77.53191489361703,30.340425531914892,dpabi/CC200ROI_tcorr05_2level_all.nii,DPABI tree 8d4b16e46be65cce93662e34e1cfa22bd40d98dc,LGPL-2.1; redistributed atlas files retain original citations,098bef48d6d680b345fc95608898a503af1336ca33383e93f73b45bb78aeffea
CC200,cc200:roi171,171,399,,171,,,,-43.44827586206897,-37.28735632183908,48.04597701149425,dpabi/CC200ROI_tcorr05_2level_all.nii,DPABI tree 8d4b16e46be65cce93662e34e1cfa22bd40d98dc,LGPL-2.1; redistributed atlas files retain original citations,098bef48d6d680b345fc95608898a503af1336ca33383e93f73b45bb78aeffea
CC200,cc200:roi172,172,400,,172,,,,27.81651376146789,-48.95412844036697,-13.614678899082568,dpabi/CC200ROI_tcorr05_2level_all.nii,DPABI tree 8d4b16e46be65cce93662e34e1cfa22bd40d98dc,LGPL-2.1; redistributed atlas files retain original citations,098bef48d6d680b345fc95608898a503af1336ca33383e93f73b45bb78aeffea
CC200,cc200:roi173,173,401,,173,,,,-8.72289156626506,20.0,60.0,dpabi/CC200ROI_tcorr05_2level_all.nii,DPABI tree 8d4b16e46be65cce93662e34e1cfa22bd40d98dc,LGPL-2.1; redistributed atlas files retain original citations,098bef48d6d680b345fc95608898a503af1336ca33383e93f73b45bb78aeffea
CC200,cc200:roi174,174,402,,174,,,,-1.2432432432432432,-54.486486486486484,38.351351351351354,dpabi/CC200ROI_tcorr05_2level_all.nii,DPABI tree 8d4b16e46be65cce93662e34e1cfa22bd40d98dc,LGPL-2.1; redistributed atlas files retain original citations,098bef48d6d680b345fc95608898a503af1336ca33383e93f73b45bb78aeffea
CC200,cc200:roi175,175,403,,175,,,,30.17283950617284,-87.11111111111111,-11.160493827160494,dpabi/CC200ROI_tcorr05_2level_all.nii,DPABI tree 8d4b16e46be65cce93662e34e1cfa22bd40d98dc,LGPL-2.1; redistributed atlas files retain original citations,098bef48d6d680b345fc95608898a503af1336ca33383e93f73b45bb78aeffea
CC200,cc200:roi176,176,404,,176,,,,0.8932038834951457,-62.640776699029125,-34.52427184466019,dpabi/CC200ROI_tcorr05_2level_all.nii,DPABI tree 8d4b16e46be65cce93662e34e1cfa22bd40d98dc,LGPL-2.1; redistributed atlas files retain original citations,098bef48d6d680b345fc95608898a503af1336ca33383e93f73b45bb78aeffea
CC200,cc200:roi177,177,405,,177,,,,-14.793103448275861,-74.06896551724138,-10.586206896551724,dpabi/CC200ROI_tcorr05_2level_all.nii,DPABI tree 8d4b16e46be65cce93662e34e1cfa22bd40d98dc,LGPL-2.1; redistributed atlas files retain original citations,098bef48d6d680b345fc95608898a503af1336ca33383e93f73b45bb78aeffea
CC200,cc200:roi178,178,406,,178,,,,26.408163265306122,1.469387755102041,-0.40816326530612246,dpabi/CC200ROI_tcorr05_2level_all.nii,DPABI tree 8d4b16e46be65cce93662e34e1cfa22bd40d98dc,LGPL-2.1; redistributed atlas files retain original citations,098bef48d6d680b345fc95608898a503af1336ca33383e93f73b45bb78aeffea
CC200,cc200:roi179,179,407,,179,,,,-13.90990990990991,-52.468468468468465,-1.1531531531531531,dpabi/CC200ROI_tcorr05_2level_all.nii,DPABI tree 8d4b16e46be65cce93662e34e1cfa22bd40d98dc,LGPL-2.1; redistributed atlas files retain original citations,098bef48d6d680b345fc95608898a503af1336ca33383e93f73b45bb78aeffea
CC200,cc200:roi180,180,408,,180,,,,55.536842105263155,-28.757894736842104,43.36842105263158,dpabi/CC200ROI_tcorr05_2level_all.nii,DPABI tree 8d4b16e46be65cce93662e34e1cfa22bd40d98dc,LGPL-2.1; redistributed atlas files retain original citations,098bef48d6d680b345fc95608898a503af1336ca33383e93f73b45bb78aeffea
CC200,cc200:roi181,181,409,,181,,,,45.09090909090909,13.89090909090909,-23.927272727272726,dpabi/CC200ROI_tcorr05_2level_all.nii,DPABI tree 8d4b16e46be65cce93662e34e1cfa22bd40d98dc,LGPL-2.1; redistributed atlas files retain original citations,098bef48d6d680b345fc95608898a503af1336ca33383e93f73b45bb78aeffea
CC200,cc200:roi182,182,410,,182,,,,-8.202020202020202,0.8484848484848485,65.77777777777777,dpabi/CC200ROI_tcorr05_2level_all.nii,DPABI tree 8d4b16e46be65cce93662e34e1cfa22bd40d98dc,LGPL-2.1; redistributed atlas files retain original citations,098bef48d6d680b345fc95608898a503af1336ca33383e93f73b45bb78aeffea
CC200,cc200:roi183,183,411,,183,,,,-27.692307692307693,57.69230769230769,4.461538461538462,dpabi/CC200ROI_tcorr05_2level_all.nii,DPABI tree 8d4b16e46be65cce93662e34e1cfa22bd40d98dc,LGPL-2.1; redistributed atlas files retain original citations,098bef48d6d680b345fc95608898a503af1336ca33383e93f73b45bb78aeffea
CC200,cc200:roi184,184,412,,184,,,,-47.22727272727273,5.409090909090909,2.1363636363636362,dpabi/CC200ROI_tcorr05_2level_all.nii,DPABI tree 8d4b16e46be65cce93662e34e1cfa22bd40d98dc,LGPL-2.1; redistributed atlas files retain original citations,098bef48d6d680b345fc95608898a503af1336ca33383e93f73b45bb78aeffea
CC200,cc200:roi185,185,413,,185,,,,43.755102040816325,-24.489795918367346,15.591836734693878,dpabi/CC200ROI_tcorr05_2level_all.nii,DPABI tree 8d4b16e46be65cce93662e34e1cfa22bd40d98dc,LGPL-2.1; redistributed atlas files retain original citations,098bef48d6d680b345fc95608898a503af1336ca33383e93f73b45bb78aeffea
CC200,cc200:roi186,186,414,,186,,,,12.051282051282051,43.282051282051285,45.43589743589744,dpabi/CC200ROI_tcorr05_2level_all.nii,DPABI tree 8d4b16e46be65cce93662e34e1cfa22bd40d98dc,LGPL-2.1; redistributed atlas files retain original citations,098bef48d6d680b345fc95608898a503af1336ca33383e93f73b45bb78aeffea
CC200,cc200:roi187,187,415,,187,,,,13.223529411764705,21.647058823529413,59.10588235294118,dpabi/CC200ROI_tcorr05_2level_all.nii,DPABI tree 8d4b16e46be65cce93662e34e1cfa22bd40d98dc,LGPL-2.1; redistributed atlas files retain original citations,098bef48d6d680b345fc95608898a503af1336ca33383e93f73b45bb78aeffea
CC200,cc200:roi188,188,416,,188,,,,-18.962962962962962,-52.148148148148145,64.79012345679013,dpabi/CC200ROI_tcorr05_2level_all.nii,DPABI tree 8d4b16e46be65cce93662e34e1cfa22bd40d98dc,LGPL-2.1; redistributed atlas files retain original citations,098bef48d6d680b345fc95608898a503af1336ca33383e93f73b45bb78aeffea
CC200,cc200:roi189,189,417,,189,,,,-27.56,-57.52,-13.72,dpabi/CC200ROI_tcorr05_2level_all.nii,DPABI tree 8d4b16e46be65cce93662e34e1cfa22bd40d98dc,LGPL-2.1; redistributed atlas files retain original citations,098bef48d6d680b345fc95608898a503af1336ca33383e93f73b45bb78aeffea
CC200,cc200:roi190,190,418,,190,,,,15.412844036697248,-33.357798165137616,-21.908256880733944,dpabi/CC200ROI_tcorr05_2level_all.nii,DPABI tree 8d4b16e46be65cce93662e34e1cfa22bd40d98dc,LGPL-2.1; redistributed atlas files retain original citations,098bef48d6d680b345fc95608898a503af1336ca33383e93f73b45bb78aeffea
CC200,cc200:roi191,191,419,,191,,,,-21.955555555555556,30.711111111111112,46.93333333333333,dpabi/CC200ROI_tcorr05_2level_all.nii,DPABI tree 8d4b16e46be65cce93662e34e1cfa22bd40d98dc,LGPL-2.1; redistributed atlas files retain original citations,098bef48d6d680b345fc95608898a503af1336ca33383e93f73b45bb78aeffea
CC200,cc200:roi192,192,420,,192,,,,-1.0612244897959184,-76.85714285714286,-23.6734693877551,dpabi/CC200ROI_tcorr05_2level_all.nii,DPABI tree 8d4b16e46be65cce93662e34e1cfa22bd40d98dc,LGPL-2.1; redistributed atlas files retain original citations,098bef48d6d680b345fc95608898a503af1336ca33383e93f73b45bb78aeffea
CC200,cc200:roi193,193,421,,193,,,,14.61111111111111,56.77777777777778,28.833333333333332,dpabi/CC200ROI_tcorr05_2level_all.nii,DPABI tree 8d4b16e46be65cce93662e34e1cfa22bd40d98dc,LGPL-2.1; redistributed atlas files retain original citations,098bef48d6d680b345fc95608898a503af1336ca33383e93f73b45bb78aeffea
CC200,cc200:roi194,194,422,,194,,,,0.5432098765432098,-30.074074074074073,-18.02469135802469,dpabi/CC200ROI_tcorr05_2level_all.nii,DPABI tree 8d4b16e46be65cce93662e34e1cfa22bd40d98dc,LGPL-2.1; redistributed atlas files retain original citations,098bef48d6d680b345fc95608898a503af1336ca33383e93f73b45bb78aeffea
CC200,cc200:roi195,195,423,,195,,,,8.235294117647058,-86.3529411764706,-12.745098039215685,dpabi/CC200ROI_tcorr05_2level_all.nii,DPABI tree 8d4b16e46be65cce93662e34e1cfa22bd40d98dc,LGPL-2.1; redistributed atlas files retain original citations,098bef48d6d680b345fc95608898a503af1336ca33383e93f73b45bb78aeffea
CC200,cc200:roi196,196,424,,196,,,,-46.666666666666664,14.4,-11.946666666666667,dpabi/CC200ROI_tcorr05_2level_all.nii,DPABI tree 8d4b16e46be65cce93662e34e1cfa22bd40d98dc,LGPL-2.1; redistributed atlas files retain original citations,098bef48d6d680b345fc95608898a503af1336ca33383e93f73b45bb78aeffea
CC200,cc200:roi197,197,425,,197,,,,-4.285714285714286,-52.42857142857143,57.714285714285715,dpabi/CC200ROI_tcorr05_2level_all.nii,DPABI tree 8d4b16e46be65cce93662e34e1cfa22bd40d98dc,LGPL-2.1; redistributed atlas files retain original citations,098bef48d6d680b345fc95608898a503af1336ca33383e93f73b45bb78aeffea
CC200,cc200:roi198,198,426,,198,,,,30.606060606060606,-0.7272727272727273,-36.666666666666664,dpabi/CC200ROI_tcorr05_2level_all.nii,DPABI tree 8d4b16e46be65cce93662e34e1cfa22bd40d98dc,LGPL-2.1; redistributed atlas files retain original citations,098bef48d6d680b345fc95608898a503af1336ca33383e93f73b45bb78aeffea
CC200,cc200:roi199,199,427,,199,,,,-15.532467532467532,-29.766233766233768,-19.428571428571427,dpabi/CC200ROI_tcorr05_2level_all.nii,DPABI tree 8d4b16e46be65cce93662e34e1cfa22bd40d98dc,LGPL-2.1; redistributed atlas files retain original citations,098bef48d6d680b345fc95608898a503af1336ca33383e93f73b45bb78aeffea
CC200,cc200:roi200,200,428,,200,,,,-43.09090909090909,-30.863636363636363,14.818181818181818,dpabi/CC200ROI_tcorr05_2level_all.nii,DPABI tree 8d4b16e46be65cce93662e34e1cfa22bd40d98dc,LGPL-2.1; redistributed atlas files retain original citations,098bef48d6d680b345fc95608898a503af1336ca33383e93f73b45bb78aeffea
